{
  "0.0": {
    "low": 344549.0733044945,
    "high": 447091.1131493069,
    "outage_probability": 0.0,
    "channel_interval": {
      "eta_channel": {
        "low": 0.7079457843841379,
        "high": 0.7079457843841379
      },
      "total_loss_db": {
        "low": 1.5,
        "high": 1.5
      },
      "decomposition": {
        "eta_fiber": {
          "low": 1.0,
          "high": 1.0
        },
        "eta_connector": {
          "low": 0.7079457843841379,
          "high": 0.7079457843841379
        },
        "eta_polarization": {
          "low": 1.0,
          "high": 1.0
        }
      }
    }
  },
  "5.0": {
    "low": 221501.91413421778,
    "high": 287664.2002231886,
    "outage_probability": 0.0,
    "channel_interval": {
      "eta_channel": {
        "low": 0.5501997686372223,
        "high": 0.57459152005889
      },
      "total_loss_db": {
        "low": 2.406407878987259,
        "high": 2.594796004611639
      },
      "decomposition": {
        "eta_fiber": {
          "low": 0.7771778302428295,
          "high": 0.8116320949050406
        },
        "eta_connector": {
          "low": 0.7079457843841379,
          "high": 0.7079457843841379
        },
        "eta_polarization": {
          "low": 1.0,
          "high": 1.0
        }
      }
    }
  },
  "10.0": {
    "low": 138602.52053533713,
    "high": 186877.7294664191,
    "outage_probability": 0.0,
    "channel_interval": {
      "eta_channel": {
        "low": 0.4276030700489718,
        "high": 0.4663569195560957
      },
      "total_loss_db": {
        "low": 3.3128157579745188,
        "high": 3.689592009223278
      },
      "decomposition": {
        "eta_fiber": {
          "low": 0.6040053906401263,
          "high": 0.6587466580675987
        },
        "eta_connector": {
          "low": 0.7079457843841379,
          "high": 0.7079457843841379
        },
        "eta_polarization": {
          "low": 1.0,
          "high": 1.0
        }
      }
    }
  },
  "15.0": {
    "low": 85746.3224828205,
    "high": 122788.37200875019,
    "outage_probability": 0.0,
    "channel_interval": {
      "eta_channel": {
        "low": 0.3323236380879566,
        "high": 0.378510244268139
      },
      "total_loss_db": {
        "low": 4.219223636961778,
        "high": 4.784388013834917
      },
      "decomposition": {
        "eta_fiber": {
          "low": 0.4694196157648631,
          "high": 0.5346599310530761
        },
        "eta_connector": {
          "low": 0.7079457843841379,
          "high": 0.7079457843841379
        },
        "eta_polarization": {
          "low": 1.0,
          "high": 1.0
        }
      }
    }
  },
  "20.0": {
    "low": 52680.26092778471,
    "high": 79396.04177883436,
    "outage_probability": 0.0,
    "channel_interval": {
      "eta_channel": {
        "low": 0.2582745778588681,
        "high": 0.30721106332063913
      },
      "total_loss_db": {
        "low": 5.125631515949038,
        "high": 5.879184018446555
      },
      "decomposition": {
        "eta_fiber": {
          "low": 0.3648225380472439,
          "high": 0.43394716106388115
        },
        "eta_connector": {
          "low": 0.7079457843841379,
          "high": 0.7079457843841379
        },
        "eta_polarization": {
          "low": 1.0,
          "high": 1.0
        }
      }
    }
  },
  "25.0": {
    "low": 32016.166306559633,
    "high": 52217.78516471239,
    "outage_probability": 0.0,
    "channel_interval": {
      "eta_channel": {
        "low": 0.20072529039718778,
        "high": 0.2493423597908322
      },
      "total_loss_db": {
        "low": 6.032039394936299,
        "high": 6.9739800230581945
      },
      "decomposition": {
        "eta_fiber": {
          "low": 0.28353200884133295,
          "high": 0.35220544466938547
        },
        "eta_connector": {
          "low": 0.7079457843841379,
          "high": 0.7079457843841379
        },
        "eta_polarization": {
          "low": 1.0,
          "high": 1.0
        }
      }
    }
  },
  "30.0": {
    "low": 19389.255183690348,
    "high": 34301.53256789126,
    "outage_probability": 0.0,
    "channel_interval": {
      "eta_channel": {
        "low": 0.15599925962190006,
        "high": 0.20237426272849118
      },
      "total_loss_db": {
        "low": 6.9384472739235585,
        "high": 8.068776027669834
      },
      "decomposition": {
        "eta_fiber": {
          "low": 0.2203548111492863,
          "high": 0.2858612441693431
        },
        "eta_connector": {
          "low": 0.7079457843841379,
          "high": 0.7079457843841379
        },
        "eta_polarization": {
          "low": 1.0,
          "high": 1.0
        }
      }
    }
  },
  "35.0": {
    "low": 11812.370028353937,
    "high": 22514.226505925584,
    "outage_probability": 0.0,
    "channel_interval": {
      "eta_channel": {
        "low": 0.12123917912453515,
        "high": 0.16425344769262165
      },
      "total_loss_db": {
        "low": 7.844855152910818,
        "high": 9.163572032281474
      },
      "decomposition": {
        "eta_fiber": {
          "low": 0.17125489239264916,
          "high": 0.23201416169955777
        },
        "eta_connector": {
          "low": 0.7079457843841379,
          "high": 0.7079457843841379
        },
        "eta_polarization": {
          "low": 1.0,
          "high": 1.0
        }
      }
    }
  },
  "40.0": {
    "low": 7192.724639516622,
    "high": 14769.437559695849,
    "outage_probability": 0.0,
    "channel_interval": {
      "eta_channel": {
        "low": 0.09422441396733691,
        "high": 0.13331337067892837
      },
      "total_loss_db": {
        "low": 8.751263031898077,
        "high": 10.258368036893112
      },
      "decomposition": {
        "eta_fiber": {
          "low": 0.13309552234894004,
          "high": 0.1883101412841966
        },
        "eta_connector": {
          "low": 0.7079457843841379,
          "high": 0.7079457843841379
        },
        "eta_polarization": {
          "low": 1.0,
          "high": 1.0
        }
      }
    }
  },
  "45.0": {
    "low": 4378.30742460807,
    "high": 9672.362137458913,
    "outage_probability": 0.0,
    "channel_interval": {
      "eta_channel": {
        "low": 0.0732291360764203,
        "high": 0.10820141109551777
      },
      "total_loss_db": {
        "low": 9.657670910885336,
        "high": 11.353164041504751
      },
      "decomposition": {
        "eta_fiber": {
          "low": 0.10343890406823229,
          "high": 0.15283855555357992
        },
        "eta_connector": {
          "low": 0.7079457843841379,
          "high": 0.7079457843841379
        },
        "eta_polarization": {
          "low": 1.0,
          "high": 1.0
        }
      }
    }
  },
  "50.0": {
    "low": 2664.963514508958,
    "high": 6316.9921993293965,
    "outage_probability": 0.0,
    "channel_interval": {
      "eta_channel": {
        "low": 0.056912070241042174,
        "high": 0.08781973866456372
      },
      "total_loss_db": {
        "low": 10.564078789872596,
        "high": 12.447960046116387
      },
      "decomposition": {
        "eta_fiber": {
          "low": 0.08039043595767945,
          "high": 0.12404867802265479
        },
        "eta_connector": {
          "low": 0.7079457843841379,
          "high": 0.7079457843841379
        },
        "eta_polarization": {
          "low": 1.0,
          "high": 1.0
        }
      }
    }
  },
  "55.0": {
    "low": 1622.7338949175728,
    "high": 4124.746769431382,
    "outage_probability": 0.0,
    "channel_interval": {
      "eta_channel": {
        "low": 0.04423080716766948,
        "high": 0.07127731910253596
      },
      "total_loss_db": {
        "low": 11.470486668859856,
        "high": 13.542756050728029
      },
      "decomposition": {
        "eta_fiber": {
          "low": 0.062477675753302375,
          "high": 0.1006818893123887
        },