{
  "generated_at": "2026-03-12T13:26:19.687456+00:00",
  "strict_mode": true,
  "status": "ok",
  "environment": {
    "python": "3.12.10",
    "platform": "Windows-11-10.0.26200-SP0",
    "qutip_available": true,
    "qutip_version": "5.2.2"
  },
  "records": [
    {
      "category": "emitter",
      "case_id": "emitter_steady_state",
      "qutip_backend_used": "qutip",
      "fallback_reason": null,
      "metrics": {
        "emission_prob": {
          "analytic": 0.9999999999999064,
          "qutip": 0.9999999999999064,
          "abs_delta": 0.0,
          "rel_delta": 0.0
        },
        "g2_0": {
          "analytic": 0.02,
          "qutip": 0.02,
          "abs_delta": 0.0,
          "rel_delta": 0.0
        },
        "p_multi": {
          "analytic": 0.0196078431372549,
          "qutip": 0.0196078431372549,
          "abs_delta": 0.0,
          "rel_delta": 0.0
        }
      }
    },
    {
      "category": "emitter",
      "case_id": "emitter_transient",
      "qutip_backend_used": "qutip",
      "fallback_reason": null,
      "metrics": {
        "emission_prob": {
          "analytic": 0.8627970909764127,
          "qutip": 0.9999143417225381,
          "abs_delta": 0.13711725074612546,
          "rel_delta": 0.15892178147118255
        },
        "g2_0": {
          "analytic": 0.016770612031293153,
          "qutip": 0.016770612031293153,
          "abs_delta": 0.0,
          "rel_delta": 0.0
        },
        "p_multi": {
          "analytic": 0.016493997596752928,
          "qutip": 0.016493997596752928,
          "abs_delta": 0.0,
          "rel_delta": 0.0
        }
      }
    },
    {
      "category": "memory",
      "case_id": "memory_wait_ns_1000",
      "wait_time_ns": 1000.0,
      "qutip_backend_used": "qutip",
      "fallback_reason": null,
      "metrics": {
        "p_retrieve": {
          "analytic": 0.7999840001599989,
          "qutip": 0.7999840001599989,
          "abs_delta": 0.0,
          "rel_delta": 0.0
        },
        "fidelity": {
          "analytic": 0.999940003599856,
          "qutip": 0.9999500025001744,
          "abs_delta": 9.998900318386461e-06,
          "rel_delta": 9.999500252404844e-06
        },
        "variance_fidelity": {
          "analytic": 0.0,
          "qutip": 2.499750003780242e-07,
          "abs_delta": 2.499750003780242e-07,
          "rel_delta": null
        }
      }
    },
    {
      "category": "memory",
      "case_id": "memory_wait_ns_1000000",
      "wait_time_ns": 1000000.0,
      "qutip_backend_used": "qutip",
      "fallback_reason": null,
      "metrics": {
        "p_retrieve": {
          "analytic": 0.7841589386454042,
          "qutip": 0.7841589386454042,
          "abs_delta": 0.0,
          "rel_delta": 0.0
        },
        "fidelity": {
          "analytic": 0.9434602183585787,
          "qutip": 0.9524187685160326,
          "abs_delta": 0.008958550157453837,
          "rel_delta": 0.009495419078760756
        },
        "variance_fidelity": {
          "analytic": 0.0,
          "qutip": 0.00022658628947218266,
          "abs_delta": 0.00022658628947218266,
          "rel_delta": null
        }
      }
    },
    {
      "category": "memory",
      "case_id": "memory_wait_ns_1000000000",
      "wait_time_ns": 1000000000.0,
      "qutip_backend_used": "qutip",
      "fallback_reason": null,
      "metrics": {
        "p_retrieve": {
          "analytic": 1.6489228979508464e-09,
          "qutip": 1.6489228979508464e-09,
          "abs_delta": 0.0,
          "rel_delta": 0.0
        },
        "fidelity": {
          "analytic": 0.5,
          "qutip": 0.5000000002799823,
          "abs_delta": 2.799822595989099e-10,
          "rel_delta": 5.599645191978198e-10
        },
        "variance_fidelity": {
          "analytic": 0.0,
          "qutip": 0.00125,
          "abs_delta": 0.00125,
          "rel_delta": null
        }
      }
    },
    {
      "category": "qkd",
      "case_id": "bbm92_distance_km_10",
      "distance_km": 10.0,
      "qutip_backend_used": "qutip",
      "fallback_reason": null,
      "metrics": {
        "key_rate_bps": {
          "analytic": 29551.80716497332,
          "qutip": 29551.80716497332,
          "abs_delta": 0.0,
          "rel_delta": 0.0
        },
        "qber_total": {
          "analytic": 0.018550240934175257,
          "qutip": 0.018550240934175257,
          "abs_delta": 0.0,
          "rel_delta": 0.0
        },
        "entanglement_rate_hz": {
          "analytic": 82982.49355540265,
          "qutip": 82982.49355540265,
          "abs_delta": 0.0,
          "rel_delta": 0.0
        },
        "p_pair": {
          "analytic": 0.0008057241303238018,
          "qutip": 0.0008057241303238018,
          "abs_delta": 0.0,
          "rel_delta": 0.0
        }
      }
    },
    {
      "category": "qkd",
      "case_id": "bbm92_distance_km_25",
      "distance_km": 25.0,
      "qutip_backend_used": "qutip",
      "fallback_reason": null,
      "metrics": {
        "key_rate_bps": {
          "analytic": 7478.868660202834,
          "qutip": 7478.868660202834,
          "abs_delta": 0.0,
          "rel_delta": 0.0
        },
        "qber_total": {
          "analytic": 0.018537289493796665,
          "qutip": 0.018537289493796665,
          "abs_delta": 0.0,
          "rel_delta": 0.0
        },
        "entanglement_rate_hz": {
          "analytic": 20996.199047675975,
          "qutip": 20996.199047675975,
          "abs_delta": 0.0,
          "rel_delta": 0.0
        },
        "p_pair": {
          "analytic": 0.00020260312763598946,
          "qutip": 0.00020260312763598946,
          "abs_delta": 0.0,
          "rel_delta": 0.0
        }
      }
    },
    {
      "category": "qkd",
      "case_id": "bbm92_distance_km_50",
      "distance_km": 50.0,
      "qutip_backend_used": "qutip",
      "fallback_reason": null,
      "metrics": {
        "key_rate_bps": {
          "analytic": 749.9535003774496,
          "qutip": 749.9535003774496,
          "abs_delta": 0.0,
          "rel_delta": 0.0
        },
        "qber_total": {
          "analytic": 0.018528606686074214,
          "qutip": 0.018528606686074214,
          "abs_delta": 0.0,
          "rel_delta": 0.0
        },
        "entanglement_rate_hz": {
          "analytic": 2105.104405608948,
          "qutip": 2105.104405608948,
          "abs_delta": 0.0,
          "rel_delta": 0.0
        },
        "p_pair": {
          "analytic": 2.0275219170116448e-05,
          "qutip": 2.0275219170116448e-05,
          "abs_delta": 0.0,
          "rel_delta": 0.0
        }
      }
    }
  ],
  "summary": {
    "threshold_breaches": [],
    "fallbacks": [],
    "max_deltas": {
      "emitter": {
        "emission_prob": {
          "abs_delta": 0.13711725074612546,
          "rel_delta": 0.15892178147118255
        },
        "g2_0": {
          "abs_delta": 0.0,
          "rel_delta": 0.0
        },
        "p_multi": {
          "abs_delta": 0.0,
          "rel_delta": 0.0
        }
      },
      "memory": {
        "p_retrieve": {
          "abs_delta": 0.0,
          "rel_delta": 0.0
        },
        "fidelity": {
          "abs_delta": 0.008958550157453837,
          "rel_delta": 0.009495419078760756
        },
        "variance_fidelity": {
          "abs_delta": 0.00125,
          "rel_delta": null
        }
      },
      "qkd": {
        "key_rate_bps": {
          "abs_delta": 0.0,
          "rel_delta": 0.0
        },
        "qber_total": {
          "abs_delta": 0.0,
          "rel_delta": 0.0
        },
        "entanglement_rate_hz": {
          "abs_delta": 0.0,
          "rel_delta": 0.0
        },
        "p_pair": {
          "abs_delta": 0.0,
          "rel_delta": 0.0
        }
      }
    }
  },
  "recommendation": {
    "decision": "go",
    "rationale": "Focused parity checks are within configured guard-bands and no fallbacks observed.",
    "require_qutip_in_ci": true
  }
}